"죄종별(1)",죄종별(2),죄종별(3),죄종별(4),1990,1991,1992,1993,1994,1994,1995,1995,1996,1996,1997,1997,1998,1998,1999,1999,2000,2000,2001,2001,2002,2002,2003,2003,2004,2004,2005,2005,2006,2006,2007,2007,2008,2008,2009,2009,2010,2010
"죄종별(1)",죄종별(2),죄종별(3),죄종별(4),발생건수 (건),발생건수 (건),발생건수 (건),발생건수 (건),발생건수 (건),법인체 (개),발생건수 (건),법인체 (개),발생건수 (건),법인체 (개),발생건수 (건),법인체 (개),발생건수 (건),법인체 (개),발생건수 (건),법인체 (개),발생건수 (건),법인체 (개),발생건수 (건),법인체 (개),발생건수 (건),법인체 (개),발생건수 (건),법인체 (개),발생건수 (건),법인체 (개),발생건수 (건),법인체 (개),발생건수 (건),법인체 (개),발생건수 (건),법인체 (개),발생건수 (건),법인체 (개),발생건수 (건),법인체 (개),발생건수 (건),법인체 (개)
"형법범",강력범,살인,소계,633,595,620,808,653,-,630,-,679,-,784,-,963,-,976,1,941,-,1051,-,957,2,998,1,1083,-,1061,-,1073,-,1111,-,1109,-,1374,-,1251,-
"형법범",강력범,살인,살인,-,-,-,-,606,-,590,-,629,-,723,-,880,-,899,1,868,-,969,-,887,2,937,1,1001,-,975,-,1014,-,1022,-,1037,-,1266,-,1145,-
"형법범",강력범,살인,영아살해,-,-,-,-,5,-,3,-,5,-,11,-,9,-,18,-,17,-,16,-,10,-,9,-,12,-,10,-,4,-,11,-,12,-,12,-,18,-
"형법범",강력범,살인,존속살해,-,-,-,-,32,-,26,-,35,-,37,-,52,-,51,-,44,-,47,-,42,-,35,-,44,-,55,-,40,-,54,-,44,-,58,-,66,-
"형법범",강력범,살인,촉탁·승락살인,-,-,-,-,-,-,2,-,-,-,1,-,1,-,-,-,1,-,2,-,2,-,1,-,3,-,-,-,1,-,3,-,-,-,2,-,2,-
"형법범",강력범,살인,자살교사·방조,-,-,-,-,8,-,6,-,9,-,9,-,13,-,5,-,10,-,14,-,12,-,16,-,19,-,17,-,14,-,21,-,14,-,34,-,18,-
"형법범",강력범,살인,위계·위력·촉탁·승락살인,-,-,-,-,2,-,3,-,1,-,3,-,8,-,3,-,1,-,3,-,4,-,-,-,4,-,4,-,-,-,-,-,2,-,2,-,2,-
"형법범",강력범,살인,보통살인죄,532,488,498,682,-,-,-,-,-,-,-,-,-,-,-,-,-,-,-,-,-,-,-,-,-,-,-,-,-,-,-,-,-,-,-,-,-,-
"형법범",강력범,살인,존속살인죄,37,37,39,41,-,-,-,-,-,-,-,-,-,-,-,-,-,-,-,-,-,-,-,-,-,-,-,-,-,-,-,-,-,-,-,-,-,-
"형법범",강력범,살인,촉탁승낙살인죄,2,4,2,3,-,-,-,-,-,-,-,-,-,-,-,-,-,-,-,-,-,-,-,-,-,-,-,-,-,-,-,-,-,-,-,-,-,-
"형법범",강력범,살인,자살교사방조죄,12,14,7,16,-,-,-,-,-,-,-,-,-,-,-,-,-,-,-,-,-,-,-,-,-,-,-,-,-,-,-,-,-,-,-,-,-,-
"형법범",강력범,살인,위계촉탁살인죄,14,12,6,12,-,-,-,-,-,-,-,-,-,-,-,-,-,-,-,-,-,-,-,-,-,-,-,-,-,-,-,-,-,-,-,-,-,-
"형법범",강력범,살인,영아살해죄,7,3,20,6,-,-,-,-,-,-,-,-,-,-,-,-,-,-,-,-,-,-,-,-,-,-,-,-,-,-,-,-,-,-,-,-,-,-
"형법범",강력범,살인,살인미수예비음모죄,29,37,48,48,-,-,-,-,-,-,-,-,-,-,-,-,-,-,-,-,-,-,-,-,-,-,-,-,-,-,-,-,-,-,-,-,-,-
"형법범",강력범,강도,소계,4760,3289,3112,3730,4580,-,3674,-,3670,-,4420,-,5516,-,4972,1,5461,-,5692,-,5906,-,7292,-,5832,-,5170,-,4838,-,4439,-,4811,-,6351,-,4409,-
"형법범",강력범,강도,강도,-,-,-,-,817,-,628,-,768,-,814,-,1005,-,903,-,1451,-,1680,-,1785,-,2003,-,1423,-,1436,-,1305,-,1103,-,1229,-,1667,-,1247,-
"형법범",강력범,강도,특수강도,-,-,-,-,1443,-,962,-,941,-,1168,-,1494,-,1272,-,1295,-,1135,-,1193,-,1818,-,1210,-,1080,-,1086,-,1145,-,1400,-,1917,-,1200,-
"형법범",강력범,강도,특가법(강도),-,-,-,-,211,-,269,-,115,-,153,-,119,-,252,-,146,-,182,-,269,-,228,-,242,-,247,-,222,-,125,-,68,-,182,-,48,-
"형법범",강력범,강도,특가법(강도강제추행),-,-,-,-,-,-,-,-,-,-,1,-,-,-,-,-,-,-,-,-,1,-,-,-,-,-,-,-,-,-,-,-,-,-,-,-,-,-
"형법범",강력범,강도,특가법(강도준강제추행),-,-,-,-,-,-,-,-,1,-,-,-,-,-,-,-,-,-,-,-,-,-,-,-,-,-,-,-,-,-,-,-,-,-,-,-,-,-
"형법범",강력범,강도,해상강도(상해·치상·살인·치사),-,-,-,-,-,-,-,-,4,-,1,-,3,-,4,-,-,-,1,-,5,-,2,-,1,-,-,-,-,-,-,-,-,-,-,-,1,-
"형법범",강력범,강도,준특수강도,-,-,-,-,3,-,3,-,1,-,4,-,5,-,3,-,-,-,3,-,1,-,9,-,9,-,2,-,4,-,4,-,1,-,5,-,7,-
"형법범",강력범,강도,준강도,-,-,-,-,179,-,201,-,182,-,174,-,223,-,245,-,192,-,200,-,201,-,212,-,233,-,248,-,215,-,229,-,257,-,306,-,234,-
"형법범",강력범,강도,약취강도,-,-,-,-,3,-,6,-,1,-,16,-,-,-,53,-,-,-,-,-,-,-,-,-,-,-,-,-,-,-,-,-,-,-,-,-,-,-
"형법범",강력범,강도,인질강도,-,-,-,-,-,-,-,-,-,-,-,-,41,-,-,-,73,-,111,-,210,-,235,-,108,-,78,-,69,-,48,-,85,-,70,-,46,-
"형법범",강력범,강도,강도상해·치상,-,-,-,-,1681,-,1415,-,1477,-,1788,-,2281,-,1898,1,1885,-,1856,-,1709,-,2140,-,2054,-,1602,-,1488,-,1459,-,1502,-,1810,-,1365,-
"형법범",강력범,강도,특가법(강도상해재범),-,-,-,-,13,-,2,-,2,-,5,-,4,-,3,-,1,-,2,-,14,-,22,-,66,-,15,-,20,-,37,-,13,-,7,-,10,-
"형법범",강력범,강도,강도살인·치사,-,-,-,-,52,-,47,-,46,-,78,-,109,-,90,-,75,-,87,-,95,-,108,-,88,-,98,-,91,-,81,-,62,-,89,-,70,-
"형법범",강력범,강도,강도강간,-,-,-,-,122,-,119,-,122,-,208,-,221,-,224,-,315,-,391,-,401,-,466,-,398,-,364,-,338,-,208,-,194,-,298,-,181,-
"형법범",강력범,강도,특가법(강도강간),-,-,-,-,54,-,18,-,9,-,8,-,9,-,23,-,26,-,43,-,22,-,22,-,-,-,-,-,-,-,-,-,-,-,-,-,-,-
"형법범",강력범,강도,특가법(강도강간재범),-,-,-,-,-,-,-,-,-,-,1,-,-,-,-,-,1,-,-,-,-,-,-,-,-,-,-,-,-,-,-,-,-,-,-,-,-,-
"형법범",강력범,강도,상습(특수·인질·해상강도),-,-,-,-,2,-,4,-,1,-,1,-,2,-,2,-,1,-,1,-,-,-,27,-,-,-,-,-,-,-,-,-,-,-,-,-,-,-
"형법범",강력범,강도,일반강도죄,1236,790,601,733,-,-,-,-,-,-,-,-,-,-,-,-,-,-,-,-,-,-,-,-,-,-,-,-,-,-,-,-,-,-,-,-,-,-
"형법범",강력범,강도,특수강도죄,1472,1005,1002,1090,-,-,-,-,-,-,-,-,-,-,-,-,-,-,-,-,-,-,-,-,-,-,-,-,-,-,-,-,-,-,-,-,-,-
"형법범",강력범,강도,준강도죄,187,135,128,178,-,-,-,-,-,-,-,-,-,-,-,-,-,-,-,-,-,-,-,-,-,-,-,-,-,-,-,-,-,-,-,-,-,-
"형법범",강력범,강도,약취강도죄,8,8,6,3,-,-,-,-,-,-,-,-,-,-,-,-,-,-,-,-,-,-,-,-,-,-,-,-,-,-,-,-,-,-,-,-,-,-
"형법범",강력범,강도,해상강도죄,7,10,10,12,-,-,-,-,-,-,-,-,-,-,-,-,-,-,-,-,-,-,-,-,-,-,-,-,-,-,-,-,-,-,-,-,-,-
"형법범",강력범,강도,강도상해치상죄,1495,1092,1130,1461,-,-,-,-,-,-,-,-,-,-,-,-,-,-,-,-,-,-,-,-,-,-,-,-,-,-,-,-,-,-,-,-,-,-
"형법범",강력범,강도,강도살인치사죄,60,39,50,53,-,-,-,-,-,-,-,-,-,-,-,-,-,-,-,-,-,-,-,-,-,-,-,-,-,-,-,-,-,-,-,-,-,-
"형법범",강력범,강도,강도강간죄,278,193,180,165,-,-,-,-,-,-,-,-,-,-,-,-,-,-,-,-,-,-,-,-,-,-,-,-,-,-,-,-,-,-,-,-,-,-
"형법범",강력범,강도,상습강도죄,17,17,5,35,-,-,-,-,-,-,-,-,-,-,-,-,-,-,-,-,-,-,-,-,-,-,-,-,-,-,-,-,-,-,-,-,-,-
"형법범",강력범,강간,소계,4247,3669,3919,5298,6173,-,4844,-,5580,-,5627,-,5978,-,6359,1,6855,-,6751,-,6119,-,6531,-,6950,-,7316,2,8755,-,8726,-,9883,-,10192,-,18220,-
"형법범",강력범,강간,강간,-,-,-,-,2164,-,1676,-,1811,-,1851,-,2060,-,2136,-,2299,-,2071,-,1884,-,1905,-,1877,-,1842,1,2162,-,2001,-,2465,-,2632,-,2808,-
"형법범",강력범,강간,특가법(특수강간),-,-,-,-,275,-,25,-,5,-,5,-,6,-,2,-,4,-,8,-,2,-,-,-,1,-,-,-,-,-,-,-,-,-,-,-,-,-
"형법범",강력범,강간,특가법(특수강간등미수),-,-,-,-,1,-,-,-,-,-,-,-,-,-,-,-,-,-,-,-,-,-,-,-,-,-,-,-,-,-,-,-,-,-,-,-,-,-
"형법범",강력범,강간,강제추행(준),-,-,-,-,1057,-,896,-,1028,-,1174,-,1328,-,1722,-,2181,-,2503,-,2339,-,2719,-,3197,-,3782,1,4719,-,5006,-,5650,-,5745,-,6797,-
"형법범",강력범,강간,준강간,-,-,-,-,112,-,99,-,119,-,95,-,139,-,140,-,163,-,154,-,163,-,171,-,185,-,189,-,273,-,302,-,334,-,419,-,505,-
"형법범",강력범,강간,강간등상해,-,-,-,-,-,-,-,-,-,-,98,-,106,-,106,-,115,-,151,-,116,-,137,-,191,-,169,-,182,-,144,-,235,-,195,-,232,-
"형법범",강력범,강간,강간치상(준),-,-,-,-,1771,-,1517,-,1783,-,1550,-,1627,-,1609,1,1500,-,1408,-,1278,-,1247,-,1148,-,970,-,1004,-,886,-,809,-,863,-,821,-
"형법범",강력범,강간,강간치사(준),-,-,-,-,10,-,10,-,10,-,12,-,10,-,18,-,7,-,8,-,6,-,8,-,2,-,-,-,3,-,-,-,1,-,-,-,-,-
"형법범",강력범,강간,강제추행치상(준),-,-,-,-,144,-,143,-,171,-,199,-,180,-,200,-,203,-,229,-,200,-,213,-,235,-,202,-,263,-,229,-,204,-,181,-,204,-
"형법범",강력범,강간,강간등살인,-,-,-,-,-,-,-,-,-,-,7,-,7,-,7,-,8,-,5,-,6,-,1,-,3,-,4,-,5,-,2,-,9,-,7,-,4,-
"형법범",강력범,강간,강제추행치사(준),-,-,-,-,4,-,1,-,1,-,3,-,7,-,1,-,1,-,6,-,5,-,8,-,-,-,-,-,1,-,-,-,-,-,-,-,-,-
"형법범",강력범,강간,미성년자등간음·추행(심신미약자),-,-,-,-,173,-,151,-,181,-,182,-,174,-,197,-,206,-,68,-,49,-,48,-,41,-,78,-,71,-,67,-,68,-,71,-,69,-
"형법범",강력범,강간,피보호자(감호자)간음,-,-,-,-,12,-,9,-,13,-,11,-,9,-,6,-,14,-,10,-,12,-,6,-,7,-,3,-,8,-,5,-,4,-,6,-,5,-
"형법범",강력범,강간,미성년자의 제강간(강제추행강간살인),-,-,-,-,450,-,317,-,458,-,440,-,325,-,215,-,154,-,130,-,59,-,68,-,63,-,77,-,64,-,84,-,104,-,73,-,83,-
"형법범",강력범,강간,성폭력범죄의처벌등에관한특례법,-,-,-,-,-,-,-,-,-,-,-,-,-,-,-,-,-,-,-,-,-,-,-,-,-,-,-,-,-,-,-,-,-,-,-,-,4924,-
"형법범",강력범,강간,아동청소년의성보호에관한법률(강간),-,-,-,-,-,-,-,-,-,-,-,-,-,-,-,-,-,-,-,-,-,-,-,-,-,-,-,-,-,-,-,-,-,-,-,-,1768,-
"형법범",강력범,강간,강간치사상죄,1982,1614,1694,2182,-,-,-,-,-,-,-,-,-,-,-,-,-,-,-,-,-,-,-,-,-,-,-,-,-,-,-,-,-,-,-,-,-,-
"형법범",강력범,강간,강간죄,2164,1940,2134,2986,-,-,-,-,-,-,-,-,-,-,-,-,-,-,-,-,-,-,-,-,-,-,-,-,-,-,-,-,-,-,-,-,-,-
"형법범",강력범,강간,준강간죄,101,115,91,130,-,-,-,-,-,-,-,-,-,-,-,-,-,-,-,-,-,-,-,-,-,-,-,-,-,-,-,-,-,-,-,-,-,-
"형법범",강력범,방화,소계,1041,1057,1085,927,708,-,614,-,726,-,768,3,1145,4,1093,-,1263,-,1364,-,1371,-,1698,-,1631,-,1810,-,1731,-,1697,-,1955,-,1873,-,1891,-
"형법범",강력범,방화,현주·현존(건조물등)방화,-,-,-,-,446,-,388,-,456,-,471,-,694,-,733,-,804,-,948,-,915,-,1080,-,1065,-,1046,-,1084,-,1017,-,1193,-,1089,-,1094,-
"형법범",강력범,방화,현주·현존(건조물등)방화치상,-,-,-,-,15,-,17,-,19,-,19,-,32,-,33,-,31,-,35,-,30,-,42,-,58,-,51,-,39,-,47,-,38,-,39,-,37,-
"형법범",강력범,방화,현주·현존(건조물등)방화치사,-,-,-,-,11,-,19,-,17,-,25,-,20,-,16,-,23,-,26,-,25,-,30,-,35,-,22,-,31,-,20,-,19,-,13,-,20,-
"형법범",강력범,방화,일반(건조물등)방화,-,-,-,-,98,-,65,-,75,-,65,-,123,-,109,-,150,-,126,-,120,-,179,-,115,-,159,-,147,-,157,-,194,-,175,-,211,-
"형법범",강력범,방화,자기소유(건조물등)방화,-,-,-,-,47,-,47,-,45,-,54,-,108,-,72,-,69,-,63,-,67,-,79,-,46,-,103,-,96,-,128,-,140,-,215,-,203,-
"형법범",강력범,방화,방화연소,-,-,-,-,43,-,50,-,61,-,63,-,91,-,51,-,94,-,74,-,85,-,131,-,183,-,296,-,199,-,180,-,213,-,177,-,173,-
"형법범",강력범,방화,진화방해,-,-,-,-,-,-,-,-,-,-,-,-,-,-,-,-,-,-,1,-,-,-,-,-,-,-,-,-,-,-,-,-,-,-,-,-,1,-
"형법범",강력범,방화,폭발물파열(과실),-,-,-,-,1,-,3,-,10,-,9,-,4,-,2,-,2,-,6,-,4,-,2,-,9,-,14,-,14,-,12,-,12,-,10,-,11,-
"형법범",강력범,방화,가스등방류(유출·살포),-,-,-,-,-,-,-,-,-,-,13,-,14,-,22,-,19,-,14,-,29,-,45,-,35,-,36,-,23,-,16,-,37,-,24,-,8,-
"형법범",강력범,방화,가스등방류(유출·살포)치사상,-,-,-,-,-,-,-,-,-,-,1,-,4,-,-,-,2,-,-,-,2,-,1,-,1,-,1,-,3,-,-,-,3,-,-,-,1,-
"형법범",강력범,방화,가스·전기·증기공급사용방해,-,-,-,-,-,-,1,-,4,-,1,-,5,4,7,-,10,-,6,-,3,-,5,-,10,-,2,-,2,-,9,-,3,-,5,-,4,-
"형법범",강력범,방화,과실폭발물파열(방출·유출),-,-,-,-,-,-,-,-,-,-,1,-,2,-,-,-,-,-,1,-,-,-,1,-,3,-,4,-,5,-,6,-,9,-,11,-,2,-
"형법범",강력범,방화,업무상과실폭발물파열(방출·유출),-,-,-,-,-,-,-,-,-,-,4,3,-,-,-,-,2,-,1,-,3,-,4,-,3,-,4,-,-,-,-,-,1,-,-,-,1,-
"형법범",강력범,방화,현주(현존)자동차방화,-,-,-,-,47,-,24,-,39,-,42,-,48,-,48,-,57,-,63,-,88,-,99,-,68,-,72,-,88,-,105,-,93,-,115,-,125,-
"형법범",강력범,방화,현재건조물방화치사·상죄,650,572,651,551,-,-,-,-,-,-,-,-,-,-,-,-,-,-,-,-,-,-,-,-,-,-,-,-,-,-,-,-,-,-,-,-,-,-
"형법범",강력범,방화,공용·일반건조물방화죄,70,87,123,99,-,-,-,-,-,-,-,-,-,-,-,-,-,-,-,-,-,-,-,-,-,-,-,-,-,-,-,-,-,-,-,-,-,-
"형법범",강력범,방화,자기소유건조물방화죄,39,46,63,45,-,-,-,-,-,-,-,-,-,-,-,-,-,-,-,-,-,-,-,-,-,-,-,-,-,-,-,-,-,-,-,-,-,-
"형법범",강력범,방화,일반물방화죄,210,244,159,125,-,-,-,-,-,-,-,-,-,-,-,-,-,-,-,-,-,-,-,-,-,-,-,-,-,-,-,-,-,-,-,-,-,-
"형법범",강력범,방화,자기소유일반물방화죄,24,33,43,37,-,-,-,-,-,-,-,-,-,-,-,-,-,-,-,-,-,-,-,-,-,-,-,-,-,-,-,-,-,-,-,-,-,-
"형법범",강력범,방화,연소죄,8,8,10,7,-,-,-,-,-,-,-,-,-,-,-,-,-,-,-,-,-,-,-,-,-,-,-,-,-,-,-,-,-,-,-,-,-,-
"형법범",강력범,방화,진화방해죄,-,3,3,3,-,-,-,-,-,-,-,-,-,-,-,-,-,-,-,-,-,-,-,-,-,-,-,-,-,-,-,-,-,-,-,-,-,-
"형법범",강력범,방화,폭발물파열죄,7,6,7,10,-,-,-,-,-,-,-,-,-,-,-,-,-,-,-,-,-,-,-,-,-,-,-,-,-,-,-,-,-,-,-,-,-,-
"형법범",강력범,방화,방화등예비음모,33,58,26,50,-,-,-,-,-,-,-,-,-,-,-,-,-,-,-,-,-,-,-,-,-,-,-,-,-,-,-,-,-,-,-,-,-,-
"형법범",절도범,절도,소계,-,-,-,-,38787,-,43856,5,51853,2,62685,2,62749,2,60598,7,140388,-,147087,3,130527,4,144330,2,120952,-,156508,3,159902,3,171873,1,177429,-,193897,-,211991,3
"형법범",절도범,특가법(절도),소계,-,-,-,-,3879,-,2342,-,1996,-,2362,-,3812,-,7136,1,9388,1,12330,-,20014,-,19716,-,15546,-,13016,-,13644,-,16849,-,19633,-,27946,-,24459,-
"형법범",절도범,특가법(절도강간),소계,-,-,-,-,1,-,-,-,-,-,-,-,-,-,-,-,-,-,-,-,-,-,-,-,-,-,-,-,-,-,-,-,-,-,-,-,-,-
"형법범",절도범,야간주거침입절도,소계,5362,5007,5005,3999,3037,-,2619,-,2528,-,2593,-,3202,-,3337,-,3510,-,3089,-,3199,-,3062,-,2243,-,2313,-,2436,-,2917,-,3527,-,5056,-,7437,-
"형법범",절도범,야간주거침입절도(상습),소계,-,-,-,-,2,-,4,-,2,-,-,-,12,-,7,-,4,-,9,-,3,-,11,-,2,-,45,-,10,-,1,-,9,-,18,-,42,-
"형법범",절도범,특수절도,소계,14764,14350,15341,14501,13891,-,13596,2,13653,-,14805,1,20870,1,17507,3,19620,2,17248,3,23155,1,18741,3,15488,-,16075,-,16029,-,19847,-,21527,3,27453,-,24049,-
"형법범",절도범,자동차·선박등불법사용,소계,-,-,-,-,-,-,-,-,-,-,351,-,379,-,343,-,384,-,373,-,425,-,452,-,400,-,382,-,337,-,348,-,314,-,311,-,253,-
"형법범",절도범,특수절도(상습),소계,-,-,-,-,17,-,16,-,5,-,20,-,67,-,41,-,12,-,56,-,45,-,129,-,14,-,-,-,41,-,9,-,21,-,79,-,24,-
"형법범",절도범,상습절도,소계,2132,3097,3151,2082,641,-,277,-,201,-,247,-,347,-,426,-,570,-,512,-,1089,-,911,-,666,-,441,1,271,-,614,-,756,-,1663,-,1155,-
"형법범",절도범,일반절도죄,소계,73169,64904,54364,40944,-,-,-,-,-,-,-,-,-,-,-,-,-,-,-,-,-,-,-,-,-,-,-,-,-,-,-,-,-,-,-,-,-,-
"형법범",폭력범,상해,소계,-,-,-,-,23081,1,21450,3,22484,-,22147,-,24765,-,29569,3,31386,1,-,-,-,-,-,-,-,-,-,-,-,-,-,-,-,-,-,-,-,-
"형법범",폭력범,상해,상해,17693,18052,18108,20533,-,-,-,-,-,-,-,-,-,-,-,-,-,-,31098,-,28067,1,29661,-,30659,-,29570,1,80485,-,92002,-,85786,1,81666,1,69808,-
"형법범",폭력범,상해,상해(중),-,-,-,-,34,-,24,-,31,-,22,-,34,-,37,-,36,-,38,-,28,-,31,-,44,-,50,-,78,-,78,-,62,-,64,-,98,-
"형법범",폭력범,상해,상해(상습),-,-,-,-,1,-,-,-,-,-,-,-,-,-,1,-,-,-,-,-,-,-,3,-,2,-,1,-,5,-,3,-,1,-,16,-,2,-
"형법범",폭력범,상해,존속상해,550,528,515,569,585,-,564,-,583,-,519,-,681,-,794,-,821,-,722,-,599,-,636,-,641,-,581,-,507,-,473,-,476,-,419,-,347,-
"형법범",폭력범,상해,존속상해(중),-,-,-,-,-,-,1,-,1,-,1,-,4,-,-,-,-,-,1,-,-,-,-,-,-,-,-,-,5,-,1,-,3,-,-,-,1,-
"형법범",폭력범,상해,존속상해(상습),-,-,-,-,5,-,9,-,3,-,6,-,7,-,5,-,13,-,6,-,7,-,5,-,4,-,3,-,4,-,2,-,4,-,-,-,2,-
"형법범",폭력범,상해,상해치사,264,252,229,173,195,-,210,-,221,-,227,-,211,-,175,-,177,-,141,-,137,-,113,-,145,-,115,-,119,-,99,-,101,-,83,-,78,-
"형법범",폭력범,상해,존속상해치사,10,22,13,11,11,-,9,-,6,-,15,-,12,-,9,-,12,-,13,-,10,-,6,-,5,-,10,-,8,-,6,-,12,-,9,-,6,-
"형법범",폭력범,폭행,소계,-,-,-,-,4620,-,4521,-,4647,-,4607,-,7030,-,11077,-,15551,1,-,-,-,-,-,-,-,-,-,-,-,-,-,-,-,-,-,-,-,-
"형법범",폭력범,폭행,폭행,-,-,-,-,-,-,-,-,-,-,-,-,-,-,-,-,-,-,16011,-,15022,-,17686,-,15921,-,18035,1,63441,-,96020,2,106315,-,113768,-,107829,-
"형법범",폭력범,폭행,특수폭행,-,-,-,-,6,-,8,-,11,-,8,-,20,-,17,-,27,-,20,-,13,-,9,-,20,-,43,-,55,-,65,-,57,-,47,-,40,-
"형법범",폭력범,폭행,특수폭행(상습),-,-,-,-,-,-,-,-,-,-,-,-,-,-,1,-,-,-,-,-,-,-,-,-,-,-,-,-,-,-,-,-,-,-,-,-,-,-
"형법범",폭력범,폭행,상습폭행,-,-,-,-,2,-,1,-,3,-,5,-,5,-,6,-,5,-,1,-,6,-,8,-,4,-,7,-,6,-,4,-,10,-,24,-,7,-
"형법범",폭력범,폭행,존속폭행,445,401,390,381,342,-,298,-,238,-,225,-,403,-,513,-,519,-,431,-,378,-,405,-,469,-,427,-,453,-,546,-,538,-,533,-,465,-
"형법범",폭력범,폭행,존속폭행(상습),-,-,-,-,13,-,10,-,12,-,9,-,12,-,12,-,12,-,13,-,7,-,2,-,8,-,-,-,3,-,1,-,3,-,-,-,3,-
"형법범",폭력범,폭행,존속폭행(특수),-,-,-,-,-,-,2,-,2,-,-,-,5,-,4,-,5,-,6,-,3,-,4,-,1,-,3,-,2,-,2,-,-,-,-,-,1,-
"형법범",폭력범,폭행,폭행치상,-,-,-,-,304,-,266,-,301,-,221,-,282,-,300,-,310,-,329,-,247,-,247,-,321,-,304,-,401,-,543,-,665,-,700,-,783,-
"형법범",폭력범,폭행,폭행치상(특수),-,-,-,-,1,-,-,-,1,-,-,-,2,-,1,-,-,-,3,-,-,-,2,-,-,-,1,-,2,-,4,-,6,-,1,-,2,-
"형법범",폭력범,폭행,폭행치사,-,-,-,-,198,-,182,-,209,-,216,-,163,-,167,-,169,-,147,-,148,-,164,-,144,-,121,-,109,1,103,-,83,-,118,-,126,-
"형법범",폭력범,폭행,폭행치사(특수),-,-,-,-,-,-,1,-,-,-,-,-,-,-,-,-,-,-,-,-,-,-,-,-,1,-,-,-,-,-,1,-,-,-,-,-,-,-
"형법범",폭력범,폭행,존속폭행치상,-,-,-,-,4,-,4,-,4,-,5,-,5,-,6,-,3,-,2,-,3,-,5,-,5,-,5,-,5,-,3,-,2,-,5,-,14,-
"형법범",폭력범,폭행,존속폭행치사,-,-,-,-,5,-,4,-,4,-,10,-,6,-,2,-,3,-,6,-,9,-,4,-,6,-,3,-,3,-,1,-,6,-,3,-,3,-
"형법범",폭력범,폭행,특가법(운전자폭행등),-,-,-,-,-,-,-,-,-,-,-,-,-,-,-,-,-,-,-,-,-,-,-,-,-,-,-,-,-,-,2624,-,4104,-,4380,-,3883,-
"형법범",폭력범,폭행,폭행죄,4734,4463,4093,4300,-,-,-,-,-,-,-,-,-,-,-,-,-,-,-,-,-,-,-,-,-,-,-,-,-,-,-,-,-,-,-,-,-,-
"형법범",폭력범,폭행,폭행치사·상죄,716,609,517,492,-,-,-,-,-,-,-,-,-,-,-,-,-,-,-,-,-,-,-,-,-,-,-,-,-,-,-,-,-,-,-,-,-,-
"형법범",폭력범,체포감금,체포감금,-,-,-,-,120,-,97,-,128,-,155,-,155,-,174,-,223,-,239,-,257,1,229,-,288,-,243,1,465,-,579,-,665,2,737,4,624,-
"형법범",폭력범,체포감금,체포감금(중),-,-,-,-,3,-,-,-,3,-,7,-,11,-,7,-,7,-,4,-,13,-,6,-,5,-,11,-,20,-,11,-,18,-,15,-,10,-
"형법범",폭력범,체포감금,체포감금(특수),-,-,-,-,6,-,6,-,2,-,4,-,6,-,7,-,9,-,9,-,2,-,11,-,3,-,7,-,3,-,6,-,11,-,4,-,8,-
"형법범",폭력범,체포감금,체포감금(특수중),-,-,-,-,-,-,-,-,-,-,1,-,1,-,-,-,-,-,-,-,-,-,-,-,-,-,-,-,-,-,-,-,-,-,-,-,-,-
"형법범",폭력범,체포감금,체포감금(상습),-,-,-,-,-,-,-,-,-,-,-,-,-,-,-,-,-,-,-,-,-,-,-,-,-,-,1,-,-,-,-,-,-,-,1,-,-,-
"형법범",폭력범,체포감금,특가법(체포감금),-,-,-,-,-,-,-,-,-,-,-,-,1,-,4,-,2,-,-,-,-,-,-,-,-,-,-,-,-,-,-,-,-,-,-,-,-,-
"형법범",폭력범,체포감금,특가법(체포),-,-,-,-,-,-,-,-,-,-,1,-,2,-,-,-,2,-,-,-,1,-,-,-,-,-,-,-,-,-,-,-,1,-,-,-,3,-
"형법범",폭력범,체포감금,특가법(감금),-,-,-,-,1,-,1,-,1,-,3,-,5,-,2,-,1,-,-,-,1,-,1,-,1,-,-,-,-,-,3,-,1,-,1,-,-,-
"형법범",폭력범,체포감금,존속체포감금,-,-,-,-,3,-,2,-,5,-,5,-,6,-,5,-,8,-,8,-,7,-,5,-,8,-,11,-,14,-,8,-,4,-,15,-,18,-
"형법범",폭력범,체포감금,존속체포감금(중),-,-,-,-,1,-,-,-,-,-,-,-,-,-,-,-,-,-,-,-,-,-,-,-,-,-,-,-,-,-,-,-,-,-,1,-,1,-
"형법범",폭력범,체포감금,존속체포감금(특수),-,-,-,-,-,-,1,-,-,-,-,-,-,-,-,-,-,-,-,-,-,-,-,-,-,-,-,-,-,-,-,-,-,-,-,-,-,-
"형법범",폭력범,체포감금,체포·감금치사·상(중·특수·상습),-,-,-,-,35,-,44,-,55,-,70,-,64,-,69,-,93,-,61,-,72,-,75,-,7,-,74,1,105,-,102,-,117,-,81,-,88,-
"형법범",폭력범,체포감금,존속체포감금치사상(중·특수·상습),-,-,-,-,-,-,-,-,-,-,1,-,-,-,1,-,2,-,3,-,2,-,1,-,1,-,-,-,-,-,1,-,-,-,-,-,-,-
"형법범",폭력범,협박,소계,-,-,-,-,671,-,617,-,657,-,773,-,788,-,1101,-,1306,-,-,-,-,-,-,-,-,-,-,-,-,-,-,-,-,-,-,-,-,-
"형법범",폭력범,협박,협박,534,504,590,613,-,-,-,-,-,-,-,-,-,-,-,-,-,-,1749,1,1790,-,1875,-,2048,-,1975,-,2481,-,2809,-,3424,-,3854,-,3110,-
"형법범",폭력범,협박,협박(특수),-,-,-,-,11,-,15,-,13,-,17,-,18,-,30,-,30,-,31,-,28,-,41,-,45,-,317,-,324,-,302,-,228,-,190,-,99,-
"형법범",폭력범,협박,협박(상습),-,-,-,-,-,-,1,-,1,-,-,-,1,-,1,-,2,-,-,-,8,-,2,-,1,-,4,-,6,-,4,-,9,-,7,-,8,-
"형법범",폭력범,협박,존속협박,28,27,23,30,32,-,23,-,21,-,19,-,27,-,32,-,28,-,31,-,29,-,24,-,34,-,30,-,30,-,31,-,38,-,35,-,30,-
"형법범",폭력범,협박,존속협박(특수),-,-,-,-,3,-,-,-,1,-,3,-,6,-,4,-,5,-,3,-,2,-,9,-,5,-,6,-,5,-,1,-,1,-,-,-,1,-
"형법범",폭력범,협박,존속협박(상습),-,-,-,-,-,-,2,-,-,-,-,-,1,-,3,-,2,-,1,-,-,-,-,-,-,-,-,-,1,-,1,-,-,-,-,-,-,-
"형법범",폭력범,협박,존속협박(상습특수),-,-,-,-,-,-,-,-,-,-,-,-,-,-,2,-,-,-,-,-,-,-,-,-,-,-,-,-,-,-,-,-,-,-,-,-,-,-
"형법범",폭력범,약취·유인,미성년자약취유인,-,-,-,-,76,-,51,-,70,-,80,-,69,-,59,-,99,-,58,-,75,-,68,-,95,-,62,-,66,-,84,-,172,-,130,-,146,-
"형법범",폭력범,약취·유인,특가법(미성년자약취유인),-,-,-,-,37,-,12,-,15,-,14,-,11,-,11,-,7,-,5,-,5,-,12,-,-,-,-,-,-,-,-,-,-,-,-,-,-,-
"형법범",폭력범,약취·유인,특가법(미성년자약취),-,-,-,-,6,-,3,-,3,-,4,-,5,-,4,-,11,-,3,-,1,-,2,-,-,-,-,-,-,-,-,-,-,-,-,-,-,-
"형법범",폭력범,약취·유인,특가법(미성년자유인),-,-,-,-,7,-,9,-,3,-,8,-,7,-,3,-,5,-,5,-,2,-,3,-,-,-,-,-,-,-,-,-,-,-,-,-,-,-
"형법범",폭력범,약취·유인,추행·간음·영리·약취유인,-,-,-,-,52,-,44,-,42,-,118,-,73,-,58,-,80,-,88,-,38,-,63,-,72,-,29,-,41,-,21,-,50,-,112,-,45,-
"형법범",폭력범,약취·유인,추행·간음·영리·약취유인(상습),-,-,-,-,-,-,-,-,-,-,-,-,1,-,3,-,1,-,-,-,-,-,-,-,-,-,-,-,-,-,-,-,-,-,-,-,1,-
"형법범",폭력범,약취·유인,특가법(영리약취·유인),-,-,-,-,17,-,12,-,9,-,5,-,13,-,11,-,10,-,13,-,16,-,37,-,120,-,33,-,26,-,56,-,31,-,232,-,28,-
"형법범",폭력범,약취·유인,특가법(영리약취),-,-,-,-,9,-,6,-,2,-,8,-,6,-,6,-,1,-,7,-,9,-,20,-,-,-,-,-,-,-,-,-,-,-,-,-,-,-
"형법범",폭력범,약취·유인,특가법(간음약취),-,-,-,-,7,-,2,-,6,-,4,-,-,-,3,-,1,-,-,-,1,-,2,-,-,-,-,-,-,-,-,-,-,-,-,-,-,-
"형법범",폭력범,약취·유인,특가법(추행약취),-,-,-,-,1,-,-,-,-,-,-,-,-,-,-,-,-,-,-,-,-,-,-,-,-,-,-,-,-,-,-,-,-,-,-,-,-,-
"형법범",폭력범,약취·유인,특가법(영리유인),-,-,-,-,25,-,17,-,13,-,23,-,6,-,13,-,16,-,14,-,11,-,15,-,-,-,-,-,-,-,-,-,-,-,-,-,-,-
"형법범",폭력범,약취·유인,특가법(간음유인),-,-,-,-,2,-,3,-,5,-,2,-,3,-,4,-,3,-,6,-,-,-,4,-,-,-,-,-,-,-,-,-,-,-,-,-,-,-
"형법범",폭력범,약취·유인,특가법(추행유인),-,-,-,-,2,-,-,-,3,-,-,-,-,-,-,-,4,-,-,-,2,-,-,-,-,-,-,-,-,-,-,-,-,-,-,-,-,-
"형법범",폭력범,약취·유인,부녀매매,-,-,-,-,28,-,20,-,35,-,36,-,49,-,41,-,109,-,156,-,51,-,130,-,77,-,15,-,6,-,-,-,5,-,4,-,2,-
"형법범",폭력범,약취·유인,부녀매매(상습),-,-,-,-,1,-,-,-,-,-,-,-,1,-,-,-,-,-,-,-,-,-,-,-,-,-,1,-,-,-,-,-,-,-,-,-,-,-
"형법범",폭력범,약취·유인,국외이송약취유인,-,-,-,-,2,-,-,-,2,-,2,-,5,-,5,-,2,-,7,-,4,-,3,-,4,-,3,-,6,-,3,-,1,-,1,-,1,-
"형법범",폭력범,약취·유인,특가법(국외이송약취),-,-,-,-,-,-,1,-,2,-,-,-,-,-,-,-,-,-,-,-,2,-,-,-,-,-,-,-,-,-,-,-,-,-,-,-,-,-
"형법범",폭력범,약취·유인,특가법(국외이송유인),-,-,-,-,24,-,1,-,1,-,-,-,1,-,1,-,2,-,2,-,1,-,-,-,-,-,-,-,-,-,-,-,-,-,-,-,-,-
"형법범",폭력범,약취·유인,결혼약취유인,-,-,-,-,4,-,1,-,4,-,3,-,1,-,3,-,1,-,2,-,-,-,3,-,1,-,2,-,-,-,1,-,1,-,-,-,-,-
"형법범",폭력범,약취·유인,피약취자.피유인자.피매매자등,-,-,-,-,1,-,3,-,-,-,-,-,-,-,1,-,-,-,4,-,3,-,2,-,4,-,1,-,21,-,1,-,2,-,-,-,-,-
"형법범",폭력범,약취·유인,미성년자약취유인죄,162,132,104,127,-,-,-,-,-,-,-,-,-,-,-,-,-,-,-,-,-,-,-,-,-,-,-,-,-,-,-,-,-,-,-,-,-,-
"형법범",폭력범,약취·유인,기타약취유인죄,182,153,109,140,-,-,-,-,-,-,-,-,-,-,-,-,-,-,-,-,-,-,-,-,-,-,-,-,-,-,-,-,-,-,-,-,-,-
"형법범",폭력범,폭력행위,폭력행위등처벌에 관한 법률 위반,-,-,-,-,157187,1,152616,2,159485,3,164970,1,184862,-,229774,23,268171,6,270510,12,223220,14,228950,4,222720,-,219424,6,100577,5,56865,3,57413,6,59193,3,48969,1
"형법범",폭력범,폭력행위,폭력행위등처벌에 관한 죄,146521,141868,136174,149506,-,-,-,-,-,-,-,-,-,-,-,-,-,-,-,-,-,-,-,-,-,-,-,-,-,-,-,-,-,-,-,-,-,-
"형법범",폭력범,공갈,소계,-,-,-,-,971,-,1337,-,1199,-,1263,-,1169,2,1360,2,1610,-,-,-,-,-,-,-,-,-,-,-,-,-,-,-,-,-,-,-,-,-
"형법범",폭력범,공갈,공갈,1280,842,938,1129,-,-,-,-,-,-,-,-,-,-,-,-,-,-,2229,-,1522,-,2119,-,2034,-,1784,-,2717,-,3140,-,3938,1,6210,2,5098,1
"형법범",폭력범,공갈,공갈(상습),-,-,-,-,3,-,2,-,1,-,1,-,1,-,2,-,3,-,3,-,-,-,156,-,19,-,11,-,17,-,76,-,432,-,208,-,64,-
"형법범",폭력범,공갈,특경법(공갈),-,-,-,-,1,-,2,-,5,-,3,-,6,-,2,-,3,-,8,-,2,-,13,-,6,-,12,-,7,-,7,-,11,-,12,-,12,-
"형법범",폭력범,손괴,손괴의죄,3573,3832,3636,3874,4291,9,3975,11,4338,10,4829,8,5381,7,6772,7,12722,9,13798,4,12069,10,12021,7,10466,3,12028,6,29340,5,38463,6,40701,10,42868,21,50483,6
"형법범",폭력범,체포·감금,체포감금죄,101,97,85,131,-,-,-,-,-,-,-,-,-,-,-,-,-,-,-,-,-,-,-,-,-,-,-,-,-,-,-,-,-,-,-,-,-,-
"형법범",폭력범,체포·감금,존속체포·감금죄,6,3,5,7,-,-,-,-,-,-,-,-,-,-,-,-,-,-,-,-,-,-,-,-,-,-,-,-,-,-,-,-,-,-,-,-,-,-
"형법범",폭력범,체포·감금,체포감금치사·상죄,30,32,27,25,-,-,-,-,-,-,-,-,-,-,-,-,-,-,-,-,-,-,-,-,-,-,-,-,-,-,-,-,-,-,-,-,-,-
"형법범",지능범,직무유기,직무유기·수행거부,-,-,-,-,271,1,144,2,136,1,150,-,231,1,1758,1,253,1,215,1,187,1,214,-,226,-,268,-,309,-,285,2,332,3,378,4,421,6
"형법범",지능범,직무유기,특가법(직무유기),-,-,-,-,-,-,-,-,-,-,-,-,1,-,-,-,-,-,-,-,-,-,-,-,-,-,-,-,-,-,-,-,-,-,-,-,-,-
"형법범",지능범,직무유기,직무유기죄,121,146,159,170,-,-,-,-,-,-,-,-,-,-,-,-,-,-,-,-,-,-,-,-,-,-,-,-,-,-,-,-,-,-,-,-,-,-
"형법범",지능범,직권남용,직권남용(권리행사방해체포·감금),-,-,-,-,26,-,36,-,25,-,22,-,42,-,50,-,74,3,59,1,46,-,69,1,93,-,79,6,114,-,104,-,140,2,100,1,155,-
"형법범",지능범,직권남용,독직폭행·가혹행위,-,-,-,-,6,-,8,-,6,-,19,-,24,-,20,-,24,-,28,-,17,-,27,-,49,-,50,-,46,-,54,-,61,-,77,-,56,-
"형법범",지능범,직권남용,특가법(독직폭행),-,-,-,-,3,-,1,-,3,-,-,-,4,-,5,-,6,-,14,-,10,-,6,-,8,-,5,-,9,-,5,-,7,-,3,-,7,-
"형법범",지능범,직권남용,특가법(독직가혹행위),-,-,-,-,1,-,-,-,-,-,-,-,-,-,1,-,-,-,-,-,-,-,-,-,3,-,-,-,6,-,2,-,7,-,4,-,-,-
"형법범",지능범,직권남용,피의사실공표,1,3,4,3,-,-,1,-,-,-,-,-,2,-,-,-,3,-,4,-,1,-,2,-,2,-,-,-,1,-,2,-,1,-,2,-,2,-
"형법범",지능범,직권남용,공무상비밀누설,26,40,35,36,6,-,6,-,3,-,4,-,8,-,6,-,8,-,10,-,13,-,7,-,12,-,14,-,15,-,9,3,5,-,9,-,12,-
"형법범",지능범,직권남용,선거방해,-,4,12,3,1,-,14,-,10,-,-,-,22,-,2,-,8,-,2,-,10,-,1,-,5,-,2,-,4,-,-,-,1,-,1,-,2,-
"형법범",지능범,직권남용,직권남용,41,33,32,44,-,-,-,-,-,-,-,-,-,-,-,-,-,-,-,-,-,-,-,-,-,-,-,-,-,-,-,-,-,-,-,-,-,-
"형법범",지능범,직권남용,직권남용횡포·감금죄,5,8,7,5,-,-,-,-,-,-,-,-,-,-,-,-,-,-,-,-,-,-,-,-,-,-,-,-,-,-,-,-,-,-,-,-,-,-
"형법범",지능범,직권남용,독직가혹행위죄,8,3,10,21,-,-,-,-,-,-,-,-,-,-,-,-,-,-,-,-,-,-,-,-,-,-,-,-,-,-,-,-,-,-,-,-,-,-
"형법범",지능범,증수뢰,뇌물수수·요구·약속,-,-,-,-,45,-,74,-,86,-,142,-,304,-,176,1,154,-,95,3,87,1,79,-,148,5,188,4,109,1,147,-,149,-,188,6,510,13
"형법범",지능범,증수뢰,특가법(뇌물),-,-,-,-,4,-,9,-,10,-,7,-,18,-,6,-,30,-,23,-,17,-,16,-,20,-,34,4,27,1,18,-,21,2,24,3,50,-
"형법범",지능범,증수뢰,특가법(알선수재),-,-,-,-,2,-,2,-,5,-,1,-,6,-,6,-,6,-,2,-,15,-,5,-,8,-,7,-,2,-,8,-,10,-,15,1,23,-
"형법범",지능범,증수뢰,특경법(수재등),-,-,-,-,-,-,5,-,2,-,4,-,14,-,11,-,7,-,8,1,10,1,9,1,79,-,12,-,16,-,16,-,28,-,16,-,45,1
"형법범",지능범,증수뢰,특경법(알선수재),-,-,-,-,4,-,6,-,10,-,3,-,3,-,6,-,6,-,5,-,19,-,15,-,12,-,30,-,16,-,17,-,18,-,30,-,25,-
"형법범",지능범,증수뢰,뇌물공여·약속·의사표시,-,-,-,-,217,-,174,-,117,-,229,-,207,-,8714,1,716,-,156,-,116,-,103,3,106,2,110,8,68,2,77,1,103,1,98,3,167,1
"형법범",지능범,증수뢰,특경법(증재등),-,-,-,-,1,-,2,-,1,-,1,-,3,-,1,-,3,-,1,-,5,-,4,-,4,-,1,-,2,-,1,-,4,-,3,-,31,-
"형법범",지능범,증수뢰,뇌물수수죄,109,491,1198,375,-,-,-,-,-,-,-,-,-,-,-,-,-,-,-,-,-,-,-,-,-,-,-,-,-,-,-,-,-,-,-,-,-,-
"형법범",지능범,증수뢰,뇌물공여죄,95,681,1779,2707,-,-,-,-,-,-,-,-,-,-,-,-,-,-,-,-,-,-,-,-,-,-,-,-,-,-,-,-,-,-,-,-,-,-
"형법범",지능범,통화,통화위(변)조,-,-,-,-,10,-,5,-,6,-,14,-,57,-,682,1,124,-,191,-,245,-,333,-,479,-,1248,-,2635,1,2466,-,2161,1,2597,-,3705,-
"형법범",지능범,통화,특가법(통화),-,-,-,-,1,-,-,-,1,-,1,-,-,-,-,-,1,-,-,-,1,-,-,-,-,-,-,-,-,-,-,-,-,-,-,-,-,-
"형법범",지능범,통화,특가법(통화위조),-,-,-,-,1,-,-,-,3,-,9,-,11,-,32,-,31,-,27,-,60,-,68,-,38,-,76,-,198,-,993,-,1265,-,1565,-,1330,-
"형법범",지능범,통화,외국통화등 위·변조행사 수입 수출,-,-,-,-,-,-,-,-,12,-,-,-,-,-,-,-,-,-,-,-,-,-,-,-,-,-,-,-,-,-,-,-,-,-,-,-,-,-
"형법범",지능범,통화,기타통화에 관한 죄,20,18,35,24,27,-,5,-,-,-,9,-,46,-,32,-,35,-,26,-,33,-,53,-,51,1,102,-,286,-,156,-,218,-,227,-,405,-
"형법범",지능범,통화,통화위조죄,25,25,26,31,-,-,-,-,-,-,-,-,-,-,-,-,-,-,-,-,-,-,-,-,-,-,-,-,-,-,-,-,-,-,-,-,-,-
"형법범",지능범,유가증권인지,유가증권위(변)조,-,-,-,-,1412,1,1551,3,1536,2,1658,1,1774,-,1478,1,1208,1,1124,4,881,-,992,2,1386,6,1875,16,2566,6,1651,2,1348,3,1330,8,911,7
"형법범",지능범,유가증권인지,우표(인지)등위(변)조,-,-,-,-,7,-,5,-,11,-,-,-,3,-,4,-,5,-,4,-,-,-,5,-,1,-,-,-,1,-,-,-,5,-,2,-,1,-
"형법범",지능범,문서,공문서위조·변조,655,645,685,948,1681,3,-,-,2091,2,-,-,-,-,-,-,-,-,-,-,-,-,-,-,-,-,-,-,-,-,-,-,-,-,-,-,-,-
"형법범",지능범,문서,사문서위조·변조,2921,2782,2937,3282,4200,4,-,-,4828,8,-,-,-,-,-,-,-,-,-,-,-,-,-,-,-,-,-,-,-,-,-,-,-,-,-,-,-,-
"형법범",지능범,문서,기타문서에 관한죄,1193,1091,1177,1584,-,-,-,-,-,-,-,-,-,-,-,-,-,-,-,-,-,-,-,-,-,-,-,-,-,-,-,-,-,-,-,-,-,-
"형법범",지능범,인장,공인위조·부정사용행사,-,-,-,-,264,-,-,-,278,-,-,-,-,-,-,-,-,-,-,-,-,-,-,-,-,-,-,-,-,-,-,-,-,-,-,-,-,-
"형법범",지능범,인장,사인등위조 부정사용행사,-,-,-,-,105,-,-,-,89,-,-,-,-,-,-,-,-,-,-,-,-,-,-,-,-,-,-,-,-,-,-,-,-,-,-,-,-,-
"형법범",지능범,인장,공인위조부정행사죄,99,103,166,198,-,-,-,-,-,-,-,-,-,-,-,-,-,-,-,-,-,-,-,-,-,-,-,-,-,-,-,-,-,-,-,-,-,-
"형법범",지능범,인장,사인위조부정행사죄,133,155,135,138,-,-,-,-,-,-,-,-,-,-,-,-,-,-,-,-,-,-,-,-,-,-,-,-,-,-,-,-,-,-,-,-,-,-
"형법범",지능범,문서·인장,공문서위조·변조,-,-,-,-,-,-,1740,4,-,-,2654,5,3518,1,3602,1,3026,1,3242,3,3468,2,3364,4,4996,13,5871,14,5049,4,6365,7,6770,8,6178,20,4247,24
"형법범",지능범,문서·인장,공전자기록등위작·변작,-,-,-,-,-,-,-,-,-,-,-,-,-,-,-,-,-,-,-,-,-,-,-,-,2,-,13,-,14,-,14,-,19,-,20,1,26,-
"형법범",지능범,문서·인장,사문서위조·변조,-,-,-,-,-,-,4184,4,-,-,5387,7,6515,9,8930,22,8228,29,8852,26,8710,15,9433,14,10186,35,10517,77,15236,35,10578,26,13807,31,12194,61,11820,32
"형법범",지능범,문서·인장,사전자기록등위작·변작,-,-,-,-,-,-,-,-,-,-,-,-,-,-,-,-,-,-,-,-,-,-,-,-,94,-,115,-,81,-,77,-,193,-,69,2,59,-
"형법범",지능범,문서·인장,공인위조·부정사용행사,-,-,-,-,-,-,230,1,-,-,278,-,369,1,401,-,665,-,1008,-,385,-,296,-,1340,-,400,1,325,2,356,-,479,1,2072,1,187,2
"형법범",지능범,문서·인장,사인등위조·부정사용행사,-,-,-,-,-,-,91,-,-,-,73,-,82,-,86,-,65,-,66,-,70,-,113,-,142,-,151,-,128,-,136,1,218,-,165,-,193,-
"형법범",지능범,사기,소계,-,-,-,-,125192,29,162483,32,191101,30,176588,44,206702,60,190944,107,152450,67,-,-,-,-,-,-,-,-,-,-,-,-,-,-,-,-,-,-,-,-
"형법범",지능범,사기,사기,44035,52681,74280,99882,-,-,-,-,-,-,-,-,-,-,-,-,-,-,167604,86,180666,128,228365,137,236460,242,192083,598,199539,237,175237,91,197138,264,216587,422,198462,290
"형법범",지능범,사기,컴퓨터등사용사기,-,-,-,-,-,-,-,-,-,-,34,-,56,-,106,-,148,-,226,1,286,4,596,-,668,1,522,-,414,2,468,-,739,1,870,4,816,1
"형법범",지능범,사기,편의시설부정이용,-,-,-,-,-,-,-,-,-,-,3,-,8,-,35,-,45,-,45,-,33,-,11,-,10,-,18,-,28,-,3,-,8,-,3,-,2,-
"형법범",지능범,사기,사기(상습),-,-,-,-,255,-,182,-,123,-,189,-,291,-,436,1,796,-,1205,-,1853,-,2349,-,1792,1,1243,3,1211,1,4656,3,2501,-,2618,1,1495,2
"형법범",지능범,사기,특경법(사기),-,-,-,-,137,-,137,3,129,1,189,1,254,3,271,2,267,4,314,7,394,7,495,12,534,13,1041,43,888,17,1348,17,1646,36,1708,52,2930,22
"형법범",지능범,사기,준사기,-,-,-,-,9,-,10,-,10,-,9,-,11,-,22,-,26,-,39,-,49,-,55,-,47,-,29,-,52,-,44,-,43,-,48,-,47,-
"형법범",지능범,사기,부당이득,-,-,-,-,76,-,79,-,88,-,60,-,54,-,132,3,63,-,120,1,46,-,80,1,119,1,97,3,108,-,81,-,57,-,63,1,47,-
"형법범",지능범,사기,부당이득(상습),-,-,-,-,-,-,-,-,-,-,-,-,-,-,-,-,-,-,-,-,-,-,-,-,34,-,-,-,-,-,-,-,-,-,-,-,-,-
"형법범",지능범,횡령,소계,-,-,-,-,12822,2,13604,4,13582,1,12929,4,16536,4,14232,7,10853,-,-,-,-,-,-,-,-,-,-,-,-,-,-,-,-,-,-,-,-,-
"형법범",지능범,횡령,횡령,-,-,-,-,-,-,-,-,-,-,-,-,-,-,-,-,-,-,10875,1,10347,3,11924,10,14416,25,12966,35,13107,16,12518,6,12821,22,13325,21,11967,17
"형법범",지능범,횡령,업무상횡령,-,-,-,-,5837,6,6412,6,6990,5,7170,1,9163,9,9684,28,7350,-,7409,12,6936,5,7914,18,8893,18,8162,33,8825,11,8239,10,9373,21,9787,25,8300,20
"형법범",지능범,횡령,유실물 표류물 점유이탈물 매장물횡령,-,-,-,-,1582,-,1600,-,1463,-,1497,-,1697,-,1658,1,1973,-,2419,-,2216,-,2313,1,2184,-,2272,2,2207,-,2138,-,2329,3,2868,-,3760,-
"형법범",지능범,횡령,횡령죄,8478,8612,11095,12226,-,-,-,-,-,-,-,-,-,-,-,-,-,-,-,-,-,-,-,-,-,-,-,-,-,-,-,-,-,-,-,-,-,-
"형법범",지능범,횡령,업무상횡령죄,4063,4224,5080,5822,-,-,-,-,-,-,-,-,-,-,-,-,-,-,-,-,-,-,-,-,-,-,-,-,-,-,-,-,-,-,-,-,-,-
"형법범",지능범,횡령,점유이탈물횡령죄,1086,1128,1124,1311,-,-,-,-,-,-,-,-,-,-,-,-,-,-,-,-,-,-,-,-,-,-,-,-,-,-,-,-,-,-,-,-,-,-
"형법범",지능범,횡령,특경법(횡령),-,-,-,-,27,-,44,-,19,-,41,-,85,-,71,1,78,-,88,-,101,2,135,1,209,2,250,2,250,11,288,1,1559,1,646,2,1711,2
"형법범",지능범,배임,소계,-,-,-,-,3204,2,3135,2,3304,1,3066,2,3762,5,3933,3,2540,-,-,-,-,-,-,-,-,-,-,-,-,-,-,-,-,-,-,-,-,-
"형법범",지능범,배임,배임,2313,2272,2635,3091,-,-,-,-,-,-,-,-,-,-,-,-,-,-,2133,3,2009,5,2489,7,2891,10,2812,16,2540,4,2363,-,2135,3,2404,15,2449,7
"형법범",지능범,배임,업무상배임,612,603,742,946,889,1,783,4,907,1,925,4,1305,3,1697,8,1187,-,1253,20,1193,10,1727,10,2631,29,1607,32,1967,12,1580,6,1392,15,3020,20,5598,16
"형법범",지능범,배임,배임수재,26,25,33,47,34,-,44,-,41,-,46,-,50,-,430,25,52,-,295,-,65,-,73,-,94,-,129,3,126,-,127,4,147,-,202,2,221,-
"형법범",지능범,배임,배임증재,5,11,11,15,21,-,12,-,10,-,10,-,16,-,61,4,12,-,116,-,24,-,18,-,49,-,106,-,42,-,37,-,53,1,96,-,57,1
"형법범",지능범,배임,특경법(배임),-,-,-,-,19,-,27,-,28,-,24,-,43,-,48,-,48,-,61,1,95,2,109,3,122,2,175,3,138,4,549,3,1016,8,494,13,5939,6
"형법범",지능범,유가증권·인지,유가증권위·변조죄,462,524,844,1082,-,-,-,-,-,-,-,-,-,-,-,-,-,-,-,-,-,-,-,-,-,-,-,-,-,-,-,-,-,-,-,-,-,-
"형법범",지능범,유가증권·인지,우표인지위·변조죄,3,3,2,2,-,-,-,-,-,-,-,-,-,-,-,-,-,-,-,-,-,-,-,-,-,-,-,-,-,-,-,-,-,-,-,-,-,-
"형법범",지능범,유가증권·인지,기타유가증권우표인지에 관한 죄,20,22,36,33,-,-,-,-,-,-,-,-,-,-,-,-,-,-,-,-,-,-,-,-,-,-,-,-,-,-,-,-,-,-,-,-,-,-
"형법범",풍속범,풍속,간통,-,-,-,-,7310,-,6817,-,6591,2,5754,-,5900,1,5666,7,5486,-,5281,1,4834,-,4735,-,4244,1,3570,4,3346,-,3047,-,2276,-,2282,-,1687,-
"형법범",풍속범,풍속,혼인빙자간음,-,-,-,-,949,-,799,-,706,-,657,-,752,-,776,-,756,-,829,-,905,-,781,-,856,1,708,-,741,-,595,-,513,-,444,-,22,-
"형법범",풍속범,풍속,혼인빙자간음(위계간음),-,-,-,-,7,-,2,-,2,-,1,-,1,-,4,-,2,-,5,-,4,-,2,-,3,-,4,-,3,-,1,-,2,-,2,-,1,-
"형법범",풍속범,풍속,음행매개,-,-,-,-,-,-,1,-,1,-,3,-,1,-,-,-,2,-,1,-,-,-,-,-,-,-,-,-,1,-,-,-,-,-,-,-,-,-
"형법범",풍속범,풍속,음화등반포(판매·임대·전시·제조),-,-,-,-,83,-,117,-,215,-,365,-,141,-,253,-,118,-,160,-,90,-,47,-,29,-,20,-,21,-,24,-,22,-,39,-,23,-
"형법범",풍속범,풍속,공연음란,-,-,-,-,17,-,8,-,15,-,11,-,25,-,50,-,69,-,116,-,88,-,119,-,136,-,182,-,247,-,373,-,560,-,526,-,704,-
"형법범",풍속범,풍속,간통죄,6530,6670,6598,7182,-,-,-,-,-,-,-,-,-,-,-,-,-,-,-,-,-,-,-,-,-,-,-,-,-,-,-,-,-,-,-,-,-,-
"형법범",풍속범,풍속,혼인빙자간음죄,1096,1085,865,882,-,-,-,-,-,-,-,-,-,-,-,-,-,-,-,-,-,-,-,-,-,-,-,-,-,-,-,-,-,-,-,-,-,-
"형법범",풍속범,풍속,음행매개죄,10,18,22,35,-,-,-,-,-,-,-,-,-,-,-,-,-,-,-,-,-,-,-,-,-,-,-,-,-,-,-,-,-,-,-,-,-,-
"형법범",풍속범,풍속,음화반포제조죄,99,65,45,136,-,-,-,-,-,-,-,-,-,-,-,-,-,-,-,-,-,-,-,-,-,-,-,-,-,-,-,-,-,-,-,-,-,-
"형법범",풍속범,풍속,공연음란죄,10,9,7,16,-,-,-,-,-,-,-,-,-,-,-,-,-,-,-,-,-,-,-,-,-,-,-,-,-,-,-,-,-,-,-,-,-,-
"형법범",풍속범,도박,소계,-,-,-,-,7239,-,7084,-,6552,1,6961,-,7710,-,9763,1,11656,-,-,-,-,-,-,-,-,-,-,-,-,-,-,-,-,-,-,-,-,-
"형법범",풍속범,도박,도박,-,-,-,-,-,-,-,-,-,-,-,-,-,-,-,-,-,-,10624,1,9439,-,7138,-,7917,4,6413,1,6621,-,7052,-,9092,-,24222,-,11861,-
"형법범",풍속범,도박,상습도박,-,-,-,-,797,-,872,-,886,-,849,-,877,-,1021,-,1096,-,1256,-,1030,-,685,-,673,1,465,-,456,-,442,-,1135,-,6152,1,859,-
"형법범",풍속범,도박,도박개장,-,-,-,-,113,-,115,-,102,-,121,-,88,-,122,-,157,-,243,-,214,-,160,-,139,1,129,-,7603,3,2029,-,811,1,1038,5,510,-
"형법범",풍속범,도박,복표발매(중개·취득),-,-,-,-,-,-,-,-,-,-,-,-,2,-,-,-,-,-,4,-,1,-,1,-,1,1,1,-,1,-,-,-,-,-,88,-,6,-
"형법범",풍속범,도박,도박죄,3843,5276,6431,12159,-,-,-,-,-,-,-,-,-,-,-,-,-,-,-,-,-,-,-,-,-,-,-,-,-,-,-,-,-,-,-,-,-,-
"형법범",풍속범,도박,상습도박죄,446,610,727,1168,-,-,-,-,-,-,-,-,-,-,-,-,-,-,-,-,-,-,-,-,-,-,-,-,-,-,-,-,-,-,-,-,-,-
"형법범",풍속범,도박,도박개장죄,111,142,169,213,-,-,-,-,-,-,-,-,-,-,-,-,-,-,-,-,-,-,-,-,-,-,-,-,-,-,-,-,-,-,-,-,-,-
"형법범",풍속범,도박,복표발매·중개·취득죄,43,48,11,70,-,-,-,-,-,-,-,-,-,-,-,-,-,-,-,-,-,-,-,-,-,-,-,-,-,-,-,-,-,-,-,-,-,-
"형법범",기타형법범,장물에 관한죄,소계,-,-,-,-,1097,-,868,1,852,-,898,-,1716,2,1857,-,1476,-,1235,-,1290,1,1032,-,1492,1,3138,5,2410,3,2772,-,2144,1,3287,-,2918,-
"형법범",기타형법범,특가법(장물),소계,-,-,-,-,26,-,12,-,15,-,11,-,12,-,311,-,240,-,161,-,56,-,62,-,64,-,377,-,79,-,246,-,47,-,72,-,283,-
"형법범",기타형법범,내란의 죄,소계,1,2,2,1,-,-,-,-,-,-,-,-,-,-,-,-,-,-,-,-,-,-,-,-,2,-,-,-,-,-,-,-,-,-,-,-,-,-
"형법범",기타형법범,외환의 죄,소계,4,1,6,7,2,-,1,-,-,-,1,-,2,-,-,-,-,-,7,-,2,-,4,-,-,-,-,-,-,-,-,-,-,-,-,-,-,-
"형법범",기타형법범,국기에 관한 죄,소계,1,3,2,-,-,-,1,-,-,-,-,-,-,-,-,-,-,-,1,-,-,-,-,-,-,-,-,-,-,-,-,-,-,-,-,-,-,-
"형법범",기타형법범,국교에 관한 죄,소계,-,2,-,-,-,-,-,-,-,-,-,-,-,-,-,-,-,-,-,-,-,-,-,-,-,-,-,-,-,-,-,-,-,-,-,-,-,-
"형법범",기타형법범,공안을 해하는 죄,소계,34,50,42,54,52,-,43,-,32,-,42,-,46,-,55,-,44,-,46,-,36,-,40,-,30,1,28,-,31,-,31,-,30,-,23,-,20,-
"형법범",기타형법범,폭발물에 관한 죄,소계,10,22,6,11,1,-,-,-,1,-,-,-,2,-,1,-,-,-,6,-,1,-,1,-,1,-,2,-,-,-,1,-,5,-,-,-,5,-
"형법범",기타형법범,공무방해에 관한 죄,소계,5692,5508,4316,4774,5946,2,5573,1,6190,2,7313,3,8350,3,8526,4,9142,4,10083,10,10876,4,10787,-,10239,5,9917,24,10961,3,14576,5,16352,5,17142,9,13321,4
"형법범",기타형법범,도주와 도주원조죄,소계,26,59,54,60,123,-,92,-,11,-,93,-,168,-,179,-,255,-,86,-,135,-,128,-,16,-,20,-,9,-,11,-,8,-,16,-,11,-
"형법범",기타형법범,범인은닉·범인도피죄,소계,139,122,103,129,219,-,174,-,193,-,230,-,248,-,255,-,256,-,322,-,333,-,354,-,222,-,123,-,125,-,187,-,218,-,355,-,145,-
"형법범",기타형법범,위증죄,소계,1689,1626,1841,2080,1973,-,1747,-,1635,-,1831,-,1913,-,2440,1,2320,-,2108,-,1750,-,1664,-,1999,2,2010,5,2007,-,2094,3,2129,-,2330,1,2188,-
"형법범",기타형법범,허위감정·증거인멸은닉·증인은닉죄,소계,-,-,-,-,28,-,55,-,28,-,28,-,34,-,51,1,44,-,45,1,45,-,38,-,35,-,37,2,42,1,44,-,30,-,48,1,44,-
"형법범",기타형법범,무고의 죄,소계,-,-,-,-,1388,1,1296,-,1253,2,1371,-,1445,-,1910,-,2005,1,2074,4,1833,2,1857,2,2073,6,2194,8,2270,3,1943,-,2075,5,2410,7,2466,4
"형법범",기타형법범,특가법(무고),소계,-,-,-,-,1,-,-,-,1,-,1,-,1,-,1,-,1,-,4,-,-,-,10,-,4,-,1,-,-,-,3,-,-,-,1,-,-,-
"형법범",기타형법범,신앙에 관한 죄,소계,85,91,70,101,109,-,97,1,106,-,107,1,113,-,166,1,120,2,221,1,159,-,174,-,190,1,231,4,248,-,296,-,207,-,241,-,225,-
"형법범",기타형법범,실화 및 업무상실화죄,소계,3345,3749,3526,3178,3289,-,3096,2,3272,1,3465,1,2849,1,2536,-,3595,2,4111,-,3363,1,3086,-,1915,1,2461,-,2199,-,1903,-,1891,1,1873,-,2071,-
"형법범",기타형법범,일수와 수리에 관한 죄,소계,21,17,17,17,15,-,15,-,10,-,13,-,15,-,12,-,13,-,22,1,16,-,7,-,12,-,15,-,12,-,15,-,11,-,3,-,9,-
"형법범",기타형법범,교통 방해의 죄,소계,725,708,560,636,821,1,739,1,790,2,927,3,1067,1,871,1,837,3,926,3,874,3,1018,2,798,3,839,5,848,5,977,11,1123,19,1358,8,1085,8
"형법범",기타형법범,음용수에 관한 죄,소계,53,32,31,28,30,-,29,-,17,-,15,-,10,-,36,-,32,-,29,1,25,-,41,-,16,-,22,-,24,-,32,-,23,-,20,-,19,-
"형법범",기타형법범,아편·몰핀에 관한 죄,소계,-,-,-,-,-,-,-,-,-,-,-,-,-,-,-,-,-,-,2,-,-,-,-,-,-,-,-,-,-,-,-,-,-,-,1,-,-,-
"형법범",기타형법범,과실사상의 죄,소계,-,-,-,-,3861,23,3589,22,3734,21,3719,22,3220,26,3436,12,3772,31,3716,34,3523,29,3718,43,3794,29,3629,54,3940,19,3812,12,3810,37,3987,36,4181,35
"형법범",기타형법범,낙태의 죄,소계,-,-,-,-,21,-,20,-,18,-,24,-,28,-,39,-,37,-,39,-,32,1,22,-,30,-,24,-,25,-,17,-,29,-,26,-,52,-
"형법범",기타형법범,유기의 죄,소계,112,123,112,110,106,-,111,-,126,-,98,-,118,-,177,-,215,-,237,-,165,-,214,-,242,-,200,-,151,-,158,-,147,-,117,-,129,-
"형법범",기타형법범,명예에 관한 죄,소계,2512,2385,2598,2896,3412,3,3142,-,3237,4,3327,5,3501,5,4867,4,5632,7,6190,14,5844,10,5907,10,6918,19,7359,40,7704,5,8421,5,10834,17,12706,8,12155,11
"형법범",기타형법범,신용·업무와 경매에 관한 죄,소계,1363,1224,1247,1636,2121,5,2073,9,2188,3,2471,-,2907,-,3571,4,4104,9,4649,10,4799,12,5245,6,6267,12,7268,37,9190,23,12274,13,14301,25,16124,47,13464,19
"형법범",기타형법범,비밀침해죄,소계,14,8,10,12,5,-,6,-,7,-,5,-,4,-,8,-,11,-,6,-,9,-,5,-,20,-,21,-,32,-,23,-,32,-,38,-,37,-
"형법범",기타형법범,주거침입의 죄,소계,879,660,658,739,1031,-,895,-,1267,-,1248,-,1523,-,1790,-,1908,-,1887,-,1836,-,2051,-,1866,2,2103,1,3998,1,4822,1,5602,2,5783,5,5515,-
"형법범",기타형법범,권리행사를 방해하는 죄,소계,-,-,-,-,1894,4,2056,1,2277,3,2591,-,3700,3,3968,11,3120,7,2869,11,3537,4,3310,14,2912,11,3084,28,3576,15,3289,7,3055,27,3495,39,3090,12
"형법범",기타형법범,인질강요,소계,-,-,-,-,-,-,-,-,-,-,1,-,-,-,-,-,-,-,1,-,2,-,-,-,3,-,-,-,1,-,-,-,3,-,-,-,-,-
"형법범",기타형법범,인질상해(치상),소계,-,-,-,-,-,-,-,-,-,-,-,-,-,-,2,-,-,-,-,-,-,-,-,-,-,-,4,-,1,-,1,-,-,-,-,-,1,-
"형법범",기타형법범,인질살해(치사),소계,-,-,-,-,-,-,-,-,-,-,-,-,-,-,-,-,-,-,-,-,-,-,-,-,-,-,-,-,-,-,-,-,-,-,-,-,1,-
"형법범",기타형법범,기타,소계,-,-,-,-,-,-,-,-,-,-,-,-,-,-,-,-,-,-,-,-,-,-,-,-,63,-,68,1,61,-,299,7,345,25,10,-,12,-
"형법범",기타형법범,장물취득죄,소계,1122,1019,984,919,-,-,-,-,-,-,-,-,-,-,-,-,-,-,-,-,-,-,-,-,-,-,-,-,-,-,-,-,-,-,-,-,-,-
"형법범",기타형법범,상습장물취득죄,소계,27,48,47,27,-,-,-,-,-,-,-,-,-,-,-,-,-,-,-,-,-,-,-,-,-,-,-,-,-,-,-,-,-,-,-,-,-,-
"형법범",기타형법범,업무상장물취득죄,소계,178,267,188,196,-,-,-,-,-,-,-,-,-,-,-,-,-,-,-,-,-,-,-,-,-,-,-,-,-,-,-,-,-,-,-,-,-,-
"형법범",기타형법범,허위감정·증거인멸죄,소계,34,28,32,39,-,-,-,-,-,-,-,-,-,-,-,-,-,-,-,-,-,-,-,-,-,-,-,-,-,-,-,-,-,-,-,-,-,-
"형법범",기타형법범,무고죄,소계,905,877,1035,1359,-,-,-,-,-,-,-,-,-,-,-,-,-,-,-,-,-,-,-,-,-,-,-,-,-,-,-,-,-,-,-,-,-,-
"형법범",기타형법범,정조에 관한죄,소계,1062,1182,1336,1524,-,-,-,-,-,-,-,-,-,-,-,-,-,-,-,-,-,-,-,-,-,-,-,-,-,-,-,-,-,-,-,-,-,-
"형법범",기타형법범,과실치상의죄,소계,3964,4077,3851,3999,-,-,-,-,-,-,-,-,-,-,-,-,-,-,-,-,-,-,-,-,-,-,-,-,-,-,-,-,-,-,-,-,-,-
"형법범",기타형법범,권리행사방해죄,소계,1113,1142,1377,1925,-,-,-,-,-,-,-,-,-,-,-,-,-,-,-,-,-,-,-,-,-,-,-,-,-,-,-,-,-,-,-,-,-,-
"형법범",기타형법범,낙태에 관한죄,소계,26,25,19,25,-,-,-,-,-,-,-,-,-,-,-,-,-,-,-,-,-,-,-,-,-,-,-,-,-,-,-,-,-,-,-,-,-,-
"형법범",기타형법범,아편에 관한죄,소계,20,4,9,16,-,-,-,-,-,-,-,-,-,-,-,-,-,-,-,-,-,-,-,-,-,-,-,-,-,-,-,-,-,-,-,-,-,-
"형법범",교통사범,교통사고처리특례법,소계,242001,240337,247698,246356,-,-,-,-,-,-,-,-,-,-,-,-,-,-,-,-,-,-,-,-,-,-,-,-,-,-,-,-,-,-,-,-,-,-
"특별법범",마약류 관리에 관한 법률(마약),소계,소계,-,-,-,-,-,-,-,-,-,-,-,-,-,-,-,-,-,-,-,-,-,-,-,-,749,5,451,9,638,6,731,3,1174,8,1908,10,674,4
"특별법범",마약류관리에 관한법률(대마),소계,소계,-,-,-,-,-,-,-,-,-,-,-,-,-,-,-,-,-,-,-,-,-,-,-,-,833,1,591,-,548,1,655,1,552,1,988,-,881,1
"특별법범",마약류관리에 관한법률(향정),소계,소계,-,-,-,-,-,-,-,-,-,-,-,-,-,-,-,-,-,-,-,-,-,-,-,-,2122,9,2031,3,2799,9,4658,4,3378,9,3183,5,2677,7
"특별법범",마약법,소계,소계,765,531,737,3132,671,-,552,-,449,-,410,5,472,1,486,5,925,-,568,4,778,3,863,3,-,-,-,-,-,-,-,-,-,-,-,-,-,-
